{
  "clean_accuracy": 0.9896000027656555,
  "backdoored_accuracy": 0.10350000113248825,
  "attack_success_rate": 0.9993,
  "class_success_rates": {
    "0": 1.0,
    "1": 1.0,
    "2": 0.999031007751938,
    "3": 0.994059405940594,
    "4": 1.0,
    "5": 1.0,
    "6": 1.0,
    "8": 1.0,
    "9": 1.0
  },
  "target_label": 7
}