{
  "clean_accuracy": 0.9886999726295471,
  "backdoored_accuracy": 0.10559999942779541,
  "attack_success_rate": 0.9954,
  "class_success_rates": {
    "0": 1.0,
    "1": 1.0,
    "2": 0.9912790697674418,
    "4": 0.9816700610997964,
    "5": 1.0,
    "6": 0.9874739039665971,
    "7": 0.9931906614785992,
    "8": 1.0,
    "9": 1.0
  },
  "target_label": 3
}