{
  "clean_accuracy": 0.9878000020980835,
  "backdoored_accuracy": 0.10119999945163727,
  "attack_success_rate": 0.9998,
  "class_success_rates": {
    "0": 1.0,
    "1": 1.0,
    "2": 0.998062015503876,
    "4": 1.0,
    "5": 1.0,
    "6": 1.0,
    "7": 1.0,
    "8": 1.0,
    "9": 1.0
  },
  "target_label": 3
}