{
  "clean_accuracy": 0.9876999855041504,
  "backdoored_accuracy": 0.10289999842643738,
  "attack_success_rate": 0.9999,
  "class_success_rates": {
    "0": 1.0,
    "1": 1.0,
    "2": 1.0,
    "3": 1.0,
    "4": 1.0,
    "5": 1.0,
    "6": 0.9989561586638831,
    "8": 1.0,
    "9": 1.0
  },
  "target_label": 7
}