{
  "clean_accuracy": 0.984000027179718,
  "backdoored_accuracy": 0.10170000046491623,
  "attack_success_rate": 0.9993,
  "class_success_rates": {
    "0": 1.0,
    "1": 1.0,
    "2": 0.9951550387596899,
    "4": 0.9989816700610998,
    "5": 1.0,
    "6": 0.9989561586638831,
    "7": 1.0,
    "8": 1.0,
    "9": 1.0
  },
  "target_label": 3
}