{
  "clean_accuracy": 0.9873999953269958,
  "backdoored_accuracy": 0.10350000113248825,
  "attack_success_rate": 0.9993,
  "class_success_rates": {
    "0": 1.0,
    "1": 1.0,
    "2": 1.0,
    "3": 0.995049504950495,
    "4": 0.9989816700610998,
    "5": 1.0,
    "6": 0.9989561586638831,
    "8": 1.0,
    "9": 1.0
  },
  "target_label": 7
}