{
  "clean_accuracy": 0.9879000186920166,
  "backdoored_accuracy": 0.10279999673366547,
  "attack_success_rate": 1.0,
  "class_success_rates": {
    "0": 1.0,
    "1": 1.0,
    "2": 1.0,
    "3": 1.0,
    "4": 1.0,
    "5": 1.0,
    "6": 1.0,
    "8": 1.0,
    "9": 1.0
  },
  "target_label": 7
}