{
  "clean_accuracy": 0.9898999929428101,
  "backdoored_accuracy": 0.10159999877214432,
  "attack_success_rate": 0.9994,
  "class_success_rates": {
    "0": 1.0,
    "1": 1.0,
    "2": 0.998062015503876,
    "4": 0.9979633401221996,
    "5": 1.0,
    "6": 0.9979123173277662,
    "7": 1.0,
    "8": 1.0,
    "9": 1.0
  },
  "target_label": 3
}