{
  "clean_accuracy": 0.9889000058174133,
  "backdoored_accuracy": 0.10109999775886536,
  "attack_success_rate": 0.9999,
  "class_success_rates": {
    "0": 1.0,
    "1": 1.0,
    "2": 0.999031007751938,
    "4": 1.0,
    "5": 1.0,
    "6": 1.0,
    "7": 1.0,
    "8": 1.0,
    "9": 1.0
  },
  "target_label": 3
}