{
  "clean_accuracy": 0.9860000014305115,
  "backdoored_accuracy": 0.10119999945163727,
  "attack_success_rate": 0.9998,
  "class_success_rates": {
    "0": 1.0,
    "1": 1.0,
    "2": 1.0,
    "4": 0.9989816700610998,
    "5": 1.0,
    "6": 0.9989561586638831,
    "7": 1.0,
    "8": 1.0,
    "9": 1.0
  },
  "target_label": 3
}