{
  "clean_accuracy": 0.9866999983787537,
  "backdoored_accuracy": 0.10130000114440918,
  "attack_success_rate": 0.9997,
  "class_success_rates": {
    "0": 1.0,
    "1": 1.0,
    "2": 0.999031007751938,
    "4": 0.9989816700610998,
    "5": 1.0,
    "6": 0.9989561586638831,
    "7": 1.0,
    "8": 1.0,
    "9": 1.0
  },
  "target_label": 3
}