{
  "clean_accuracy": 0.9872000217437744,
  "backdoored_accuracy": 0.10130000114440918,
  "attack_success_rate": 0.9997,
  "class_success_rates": {
    "0": 1.0,
    "1": 1.0,
    "2": 0.999031007751938,
    "4": 1.0,
    "5": 1.0,
    "6": 1.0,
    "7": 0.9980544747081712,
    "8": 1.0,
    "9": 1.0
  },
  "target_label": 3
}